{
  "total_queries": 14,
  "avg_retrieval_recall": 0.7857142857142857,
  "avg_answer_quality": 0.7298477802957807,
  "avg_latency_ms": 3565.928571433428
}