{
  "total_queries": 14,
  "avg_retrieval_recall": 0.7857142857142857,
  "avg_answer_quality": 0.7205288495336261,
  "avg_latency_ms": 5324.857142853683
}